turn,is_correct,memory_mb
1,False,23.703125
2,False,23.703125
3,False,23.703125
4,False,23.703125
5,False,23.703125
